{n} 6th october zeppelin 29th march wys vs girlcore 23rd march wrm at the old blue last 23rd november archive whiplash -13th december we are louder - 18th january wad mag party -30th september vivienne westwood party -13th june vice uk 4th birthday - 16th november urban junkies halloween -31st october uniqlo party -1st may uniqlo launch party -7th november troubled minds -16th december trash -xmas party trash -8th january trash -5th january trash -4th december trash -30th october trash -28th august trash -27th december trash -23rd october trash -18th september trash -13th november trash -11th september trailer trash 22nd september trailer trash -9th september trailer trash -9th february trailer trash -9th december trailer trash -8th june trailer trash -7th september trailer trash -7th march trailer trash -6th october trailer trash -4th november trailer trash -28th october trailer trash -26th january trailer trash -24th november trailer trash -20th october trailer trash -1st september trailer trash -1st december trailer trash -19th january trailer trash -18th january trailer trash -18th august trailer trash -18th april trailer trash -15th september trailer trash -13th april trailer trash - zoo rave - 23rd march toy pirate -people are germs -xmas party too dead for bed -28th july tiga at- bugged out - 22nd may the stone party -22nd may the replenishing body -15th september the insane asylum -3rd november the george and dragon -20th january the block party - 13th february tank mag party - 11th february tank mag - meadham kirchoff party - 15th september tabernacle birthday by boombox -5th june t party -10th august styleslut party -9th december studio neon -4th october stuart semple party -31st january stereo suicide -10th march start party - 3rd april someone elses party - 12th december snap crackle pop -26th april snap crackle and pop - 1st february smd album launch - 20th june smash and grab -7th february smash and grab -5th june smash and grab -24th january smash and grab -13th march smash and grab -10th january smash and grab -10th april smash and grab - 8th may smash and grab - 3rd april smash and grab - 31st january smash and grab - 20th march smash and grab - 1st may smash & grab - 1st may sing a long -5th march sing a long -30th january sing a long - 23rd january sing a long - 16th january sibling launch - 29th may ruff club nyc -2nd may ruff club nyc -21st december rough trade party -26th july robins birthday - 23rd february red death - 26th january radical friends -2nd march protect the human -17th october private party -7th october private party -6th january private party -19th august princess superstar at cuckoo -14th november ppq party - 11th february pop mag party -15th february pop mag and boombox xmas party ponystep.com kitsune party -25th may ponystep paris - 28th february ponystep paris - 27th march ponystep paris - 24th january ponystep nye ponystep launch -27th april ponystep -29th june ponystep - 28th september ponystep - 27th july ponystep - 24th august pik up -24th march phamous69 party - 8th february peoples market mashup - 30th may people are germs -9th february people are germs -12th january our disco -9th march old blue last -24th march no romance without finance -30th june no romance without finance - 10th february mortimer loves mondays - 18th march moet party bus - 13th february moet mirage party -17th september modular party -25th october modular party -21st february modular party -18th november modular party -11th november modular live -5th april modular club -4th may modular club -30th march modular club -27th july modular club -23rd march modular club -20th april modular -1st december milkcrate dazed party -1st may mcq boombox -11th february matt irwins a¦x film launch - 11th december marianos birthday -16th december mariano vivanco - nicola formichetti - 15th november man about town launch -14th september magic poison - 6th september mac-vivaglam party - 28th june lyndells birthday - 15th march lauras birthday - 16th august late at tate -4th january lady lucks party -27th october kokon to zai -12th february kitsune trailer trash -5th may kavinsky 1986 party - 16th march josh and ivan -3rd march jonathan saunders party -14th february johannas birthday -25th april jodies birthday - 13th march jodie harsh birthday -2nd march jeremy scott - colette party -2nd october jean pierre braganza party - 10th february jean paul gaultier paris - 4th june jcdc party - 5th june jc dc party -14th may issue - 23rd march institubes at -old blue last -5th november insomniacs ball -25th november icfts - 16th september ica clubnight -28th june house of holland party -24th january house of holland party - 9th june harrys birthday -14th october grotbags -30th may gossip afterparty -14th september girlcore [divas] -26th july girlcore -29th may girlcore -26th april girlcore -25th october giles deacon party -30th january get rude -15th july get dzd -27th march george and dragon -5th birthday -13th december gareth pugh afterparty -25th january fur magazine launch -22nd june foreign -1st september foreign -12th may foreign -10th november field day -[after party] -11th august field day -11th august felix da housecat -6th october feb17 - 17th february feb16 - 16th february fashion film show - 11th february fash bash - 27th march faction -7th december ed banger gets dzd -27th february durrr xmas party - 29th december durrr -5th march durrr -30th april durrr -2nd april durrr -29th january durrr -28th may durrr -26th february durrr -23rd april durrr -22nd january durrr -17th december durrr -12th february durrr - 19th january durrr - 10th september doombox -28th october domestic -28th march discotec -30th november delete yourself -23rd november dec your baubles -16th december ddd -1st birthday -18th august dazed xmas party - 19th december dazed rca party - 5th june dazed party -12th february dazed grun party - 22nd may cozettes birthday -13th january computer blue 22nd september computer blue -8th september computer blue -6th october computer blue -4th november computer blue -29th september computer blue -27th october computer blue -26th january computer blue -25th august computer blue -24th november computer blue -23rd february computer blue -22nd june computer blue -20th october computer blue -1st september computer blue -17th november computer blue -15th september computer blue -12th january computer blue -11th august computer blue -10th november computer blue -10th august come - 18th july collapsing new people -30th may colette exhibition -1st october club le baron -4th june circus -9th may circus -9th march circus -4th january circus -4th april circus -3rd august circus -30th november circus -2nd february circus -28th september circus -27th october circus -27th july circus -1st june circus -17th november circus -16th november circus -15th february circus -11th may circus -11th january circus -10th august circus - 1st february christmas wonderland -10th december chris kane -10 mag -12th february chalk -27th january casette playa florence party -19th june calvin klein party -15th october call in sick - 9th march ca4la at boombox -18th february burberry - the beat -3rd december bugged out-19th may bugged out -21st october bugged out -20th october bugged out -20th january bugged out -10th february bugged out at field day - 9th august browns -gareth pugh party -31st october brand alley party - 31st january boys club -10th may boombox-1st birthday -1st july boombox- gareth pugh afterparty -17th september boombox [glasgow] - 25th august boombox for topshop -16th august boombox book launch - 18th september boombox at -paris paris -6th october boombox -xmas eve boombox -r.i.p. - 31st december boombox -new years eve boombox -kitsune -4th october boombox -9th september boombox -9th december boombox -8th october boombox -8th july boombox -8th april boombox -7th october boombox -7th january boombox -6th november boombox -6th may boombox -5th august boombox -4th november boombox -4th march boombox -4th february boombox -3rd september boombox -3rd june boombox -3rd december boombox -2nd december boombox -29th october boombox -29th july boombox -29th april boombox -28th january boombox -27th may boombox -26th november boombox -26th august boombox -25th november boombox -25th march boombox -25th february boombox -24th september boombox -24th june boombox -23rd september boombox -23rd october boombox -22nd july boombox -22nd april boombox -21st october boombox -21 january boombox -20th may boombox -20th august boombox -1st october boombox -1st april boombox -19th november boombox -19th august boombox -18th november boombox -18th march boombox -17th september boombox -17th june boombox -17th december boombox -16th july boombox -16th december boombox -15th april boombox -14th october boombox -14th january boombox -13th may boombox -13th august boombox -12th november boombox -11th november boombox -11th march boombox -10th september boombox -10th june boombox -10th december boombox - 2nd september boombox - 12th august boggys party - 16th august bloggers delight -25th february bloggers delight -1st april bloggers delight -12th november bloggers delight -10th september bitchfight -21st april bistrotheque drag ball -29th august birthday card - 20th july batty bass -19th october appetite for construction - 11th february apc party -1st october antisocial 2nd birthday - 18th november antisocial -9th december antisocial -7th october antisocial -6th january antisocial -3rd march antisocial -3rd february antisocial -30th september antisocial -2nd december antisocial -28th october antisocial -28th april antisocial -27th january antisocial -23 september antisocial -16th september antisocial -13th january antisocial -11th november antipodium - 17th february american apparel party -4th july all you can eat -20th april all you can eat -19th october all you can eat -19th january all you can eat -18th may all you can eat - 21 september aitbf -9th december aggys i-d dinner - 8th april 1234 festival -5th august myspace: http://www.myspace.com/dirtydirtydancing twitter: http://www.twitter.com/alistairallan contact us » photography © alistair allan. all rights reserved.